index,aa,x,y,z,H,Q
0,K,0,1,0,-1.95,1
1,T,1,1,0,-0.35,0
2,W,2,1,0,-0.45,0
3,G,2,1,-1,-0.2,0
4,G,2,2,-1,-0.2,0
5,Q,2,2,0,-1.75,0
6,Y,3,2,0,-0.65,0
7,T,3,2,-1,-0.35,0
8,N,3,3,-1,-1.75,0
9,H,4,3,-1,-1.6,1
10,T,5,3,-1,-0.35,0
11,G,6,3,-1,-0.2,0
12,Q,6,2,0,-1.75,0
13,Y,6,2,-1,-0.65,0
14,N,6,2,-2,-1.75,0
15,Y,7,2,-2,-0.65,0
16,E,8,2,-2,-1.75,-1
17,D,8,1,-2,-1.75,-1
18,C,7,1,-2,1.25,0
19,A,7,2,-3,0.9,0
20,F,8,2,-3,1.4,0
21,M,8,2,-4,0.95,0
22,F,7,2,-5,1.4,0
23,R,6,2,-5,-2.25,1
24,P,6,2,-6,-0.8,0
25,M,6,2,-7,0.95,0
26,W,6,3,-7,-0.45,0
27,R,6,3,-8,-2.25,1
28,T,7,3,-8,-0.35,0
29,L,8,3,-7,1.9,0
30,S,8,4,-7,-0.4,0
31,W,8,5,-7,-0.45,0
32,H,7,5,-7,-1.6,1
33,G,6,5,-7,-0.2,0
34,A,6,4,-7,0.9,0
35,Y,6,4,-6,-0.65,0
36,N,5,5,-6,-1.75,0
37,G,5,4,-6,-0.2,0
38,Y,5,4,-5,-0.65,0
39,Y,5,3,-4,-0.65,0
40,L,6,3,-4,1.9,0
41,G,7,3,-4,-0.2,0
42,V,8,3,-3,2.1,0
43,K,8,3,-2,-1.95,1
44,C,7,3,-2,1.25,0
45,Y,7,4,-3,-0.65,0
46,L,7,4,-4,1.9,0
47,Q,6,4,-4,-1.75,0
48,N,6,5,-4,-1.75,0
49,T,6,5,-3,-0.35,0
50,S,6,4,-3,-0.4,0
51,V,6,3,-3,2.1,0
52,L,6,3,-2,1.9,0
53,D,6,4,-2,-1.75,-1
54,S,7,4,-2,-0.4,0
55,P,7,5,-2,-0.8,0
56,H,6,5,-2,-1.6,1
57,P,6,6,-2,-0.8,0
58,T,6,6,-3,-0.35,0
59,L,6,6,-4,1.9,0
60,V,7,6,-4,2.1,0
61,D,7,7,-4,-1.75,-1
62,M,8,7,-4,0.95,0
63,K,9,7,-4,-1.95,1
64,H,9,6,-4,-1.6,1
65,K,9,5,-4,-1.95,1
66,D,8,5,-4,-1.75,-1
67,D,8,5,-3,-1.75,-1
68,T,8,6,-3,-0.35,0
69,W,8,6,-4,-0.45,0
70,C,8,6,-5,1.25,0
71,R,8,7,-5,-2.25,1
72,Y,8,8,-6,-0.65,0
73,P,9,8,-6,-0.8,0
74,N,9,9,-6,-1.75,0
75,Y,8,10,-6,-0.65,0
76,E,9,10,-6,-1.75,-1
77,Y,10,10,-6,-0.65,0
78,Q,10,10,-7,-1.75,0
79,F,11,10,-7,1.4,0
80,V,11,10,-8,2.1,0
81,M,12,10,-8,0.95,0
82,S,12,10,-7,-0.4,0
83,G,12,10,-6,-0.2,0
84,L,11,10,-6,1.9,0
85,T,11,11,-6,-0.35,0
86,I,11,11,-7,2.25,0
87,H,11,12,-7,-1.6,1
88,C,11,13,-7,1.25,0
89,K,10,13,-7,-1.95,1
90,L,10,12,-7,1.9,0
91,E,10,12,-6,-1.75,-1
92,K,9,12,-7,-1.95,1
93,E,8,12,-7,-1.75,-1
94,Y,8,12,-8,-0.65,0
95,L,8,11,-8,1.9,0
96,E,8,11,-7,-1.75,-1
97,T,7,11,-7,-0.35,0
98,C,7,11,-6,1.25,0
99,T,7,11,-5,-0.35,0
